"Date","Date","Min°F","Avg°F","Max°F","Avg1.5m DP°F","Avg1.5m RH%","2 in.°F","Min°F","Avg°F","Avg 2in.SWPkPa","Avg 8in.SWPkPa","TotPrecin","TotalSolarRadMJ/m²","EToin","ETrin"
"2022/01/01","1","-16.0","-2.6","5.6","-10.9","78.9","32.9","34.8","34.8","NA","NA","0.00","2.15","0.01","0.01"
"2022/01/02","2","2.1","9.8","15.8","2.2","79.1","32.9","34.7","34.7","NA","NA","0.00","2.39","0.01","0.02"
"2022/01/03","3","15.9","24.7","33.7","21.8","92.5","32.9","34.7","34.7","NA","NA","0.01","0.43","0.01","0.01"
"2022/01/04","4","18.0","23.7","26.5","19.8","89.4","33.0","34.7","34.7","NA","NA","0.00","0.82","0.01","0.01"
"2022/01/05","5","18.6","23.1","26.3","19.8","91.8","33.0","34.7","34.7","NA","NA","0.00","1.26","0.01","0.01"
"2022/01/06","6","21.2","22.4","23.4","19.7","94.4","33.1","34.7","34.7","NA","NA","0.00","0.43","0.00","0.01"
"2022/01/07","7","21.0","32.4","39.3","29.3","90.2","33.2","34.7","34.7","NA","NA","0.63","1.49","0.01","0.01"
"2022/01/08","8","6.7","18.3","24.0","13.1","86.1","33.2","34.8","34.8","NA","NA","0.02","5.72","0.00","0.01"
"2022/01/09","9","13.5","22.2","30.0","17.8","88.2","33.3","34.8","34.8","NA","NA","0.00","4.51","0.01","0.02"
"2022/01/10","10","9.3","14.2","20.4","10.0","91.3","33.3","34.8","34.8","NA","NA","0.00","3.10","0.01","0.01"
"2022/01/11","11","19.1","27.0","34.3","24.6","93.7","33.3","34.9","34.9","NA","NA","0.01","1.46","0.01","0.01"
"2022/01/12","12","32.6","33.9","36.6","33.4","98.2","33.4","34.9","34.9","NA","NA","0.07","1.01","0.00","0.01"
"2022/01/13","13","31.7","32.9","36.7","32.7","99.1","33.5","34.9","34.9","NA","NA","0.00","3.54","0.01","0.01"
"2022/01/14","14","31.6","32.8","34.4","32.3","98.2","33.5","35.0","35.0","NA","NA","0.00","2.12","0.01","0.01"
"2022/01/15","15","32.2","33.8","36.7","32.8","96.2","33.5","35.0","35.0","NA","NA","0.00","2.51","0.01","0.01"
"2022/01/16","16","31.2","33.2","36.4","30.9","91.2","33.6","35.0","35.0","NA","NA","0.00","4.73","0.01","0.01"
"2022/01/17","17","28.7","31.8","36.4","29.0","90.1","33.6","35.0","35.0","NA","NA","0.00","3.61","0.01","0.01"
"2022/01/18","18","31.5","33.3","36.3","30.2","88.6","33.7","35.0","35.0","NA","NA","0.00","4.08","0.01","0.02"
"2022/01/19","19","29.9","32.8","36.1","30.4","91.3","33.7","35.0","35.0","NA","NA","0.04","3.20","0.01","0.01"
"2022/01/20","20","32.2","33.6","36.4","33.0","97.8","33.6","35.0","35.0","NA","NA","0.28","1.83","0.01","0.01"
"2022/01/21","21","29.7","31.6","33.2","30.7","97.1","33.6","35.0","35.0","NA","NA","0.00","3.43","0.01","0.01"
"2022/01/22","22","28.2","30.8","32.2","28.4","91.8","33.6","34.9","35.0","NA","NA","0.00","2.89","0.01","0.01"
"2022/01/23","23","29.4","30.8","32.0","28.3","91.6","33.6","34.9","34.9","NA","NA","0.00","2.60","0.01","0.02"
"2022/01/24","24","19.1","27.3","32.6","23.8","89.3","33.6","34.9","34.9","NA","NA","0.00","4.89","0.01","0.01"
"2022/01/25","25","22.1","27.1","30.0","24.2","91.9","33.4","34.9","34.9","NA","NA","0.00","1.83","0.01","0.01"
"2022/01/26","26","27.3","28.3","29.8","23.0","82.6","33.4","34.9","34.9","NA","NA","0.00","2.79","0.02","0.03"
"2022/01/27","27","18.0","25.5","28.5","19.4","80.9","33.3","34.9","35.0","NA","NA","0.00","4.98","0.01","0.02"
"2022/01/28","28","14.5","21.6","28.4","16.7","86.4","33.1","34.9","34.9","NA","NA","0.00","4.86","0.01","0.01"
"2022/01/29","29","10.8","21.1","27.4","16.4","87.2","32.9","34.7","34.8","NA","NA","0.00","3.14","0.01","0.01"
"2022/01/30","30","25.4","28.1","31.8","23.6","85.4","32.9","34.7","34.7","NA","NA","0.00","3.23","0.02","0.02"
"2022/01/31","31","11.9","26.4","33.1","21.2","83.8","32.9","34.7","34.7","NA","NA","0.03","6.03","0.01","0.01"
"2022/02/01","1","7.9","19.8","33.4","9.2","71.7","32.7","34.6","34.7","NA","NA","0.00","6.72","0.02","0.04"
"2022/02/02","2","4.8","16.3","24.2","4.8","66.4","32.5","34.5","34.6","NA","NA","0.00","5.46","0.02","0.02"
"2022/02/03","3","13.2","21.6","26.3","15.5","81.9","32.5","34.4","34.4","NA","NA","0.00","3.46","0.01","0.02"
"2022/02/04","4","25.1","28.5","33.6","25.3","90.1","32.6","34.4","34.4","NA","NA","0.00","2.02","0.02","0.02"
"2022/02/05","5","18.7","29.2","33.7","26.1","90.2","32.6","34.4","34.4","NA","NA","0.02","3.75","0.01","0.01"
"2022/02/06","6","21.4","27.6","34.0","25.1","92.8","32.6","34.4","34.4","NA","NA","0.00","5.45","0.01","0.02"
"2022/02/07","7","21.9","30.9","43.3","27.3","89.4","32.7","34.4","34.4","NA","NA","0.00","8.58","0.02","0.03"
"2022/02/08","8","17.3","27.9","39.2","24.3","89.4","32.7","34.4","34.4","NA","NA","0.00","7.38","0.02","0.02"
"2022/02/09","9","24.2","30.1","42.1","26.5","88.0","32.8","34.4","34.4","NA","NA","0.00","8.34","0.02","0.03"
"2022/02/10","10","22.6","27.9","38.9","26.1","95.7","32.8","34.4","34.4","NA","NA","0.00","5.49","0.02","0.03"
"2022/02/11","11","19.9","29.2","45.4","20.0","75.6","32.9","34.4","34.5","NA","NA","0.00","10.01","0.04","0.07"
"2022/02/12","12","17.0","25.1","40.2","16.0","71.9","32.8","34.4","34.4","NA","NA","0.00","10.87","0.03","0.05"
"2022/02/13","13","10.0","22.9","37.8","15.9","78.2","32.6","34.3","34.3","NA","NA","0.00","9.47","0.02","0.03"
"2022/02/14","14","25.1","29.3","32.0","25.9","89.0","32.6","34.2","34.2","NA","NA","0.00","2.38","0.01","0.02"
"2022/02/15","15","27.9","31.3","33.5","30.4","97.3","32.7","34.2","34.2","NA","NA","0.16","5.75","0.01","0.01"
"2022/02/16","16","21.5","30.2","44.4","23.3","80.1","32.7","34.2","34.3","NA","NA","0.00","10.53","0.04","0.05"
"2022/02/17","17","19.8","29.4","40.8","24.0","82.5","32.7","34.3","34.3","NA","NA","0.00","7.25","0.03","0.04"
"2022/02/18","18","23.0","31.5","40.4","28.0","88.7","32.8","34.3","34.3","NA","NA","0.00","7.73","0.02","0.03"
"2022/02/19","19","24.1","31.7","42.3","27.6","86.7","32.8","34.4","34.4","NA","NA","0.00","3.79","0.03","0.04"
"2022/02/20","20","24.0","31.8","41.1","25.8","80.0","32.8","34.4","34.4","NA","NA","0.00","9.47","0.03","0.04"
"2022/02/21","21","10.6","22.0","30.9","10.6","68.0","32.6","34.4","34.4","NA","NA","0.00","4.88","0.03","0.04"
"2022/02/22","22","2.4","12.3","22.3","-7.6","46.3","32.0","34.2","34.3","NA","NA","0.00","13.02","0.04","0.06"
"2022/02/23","23","-5.0","11.4","22.4","-3.3","59.6","30.8","33.9","34.1","NA","NA","0.00","11.44","0.02","0.03"
"2022/02/24","24","8.9","18.0","29.2","9.4","75.0","30.8","33.8","33.8","NA","NA","0.02","13.25","0.03","0.04"
"2022/02/25","25","3.5","14.6","27.7","6.4","77.3","30.1","33.7","33.7","NA","NA","0.00","10.71","0.03","0.04"
"2022/02/26","26","5.0","19.1","34.4","10.1","73.1","29.6","33.5","33.6","NA","NA","0.01","12.26","0.03","0.05"
"2022/02/27","27","26.0","31.2","35.9","28.8","92.2","31.4","33.5","33.5","NA","NA","0.21","2.04","0.01","0.01"
"2022/02/28","28","33.1","34.8","36.1","34.5","98.8","32.1","33.4","33.5","NA","NA","0.59","2.25","0.01","0.01"
"2022/03/01","1","33.1","39.6","54.4","37.2","92.2","32.1","33.3","33.4","NA","NA","0.03","9.17","0.04","0.06"
"2022/03/02","2","33.4","35.8","39.4","35.6","99.2","32.1","33.3","33.3","NA","NA","0.02","4.09","0.02","0.02"
"2022/03/03","3","31.8","35.9","39.3","35.7","99.5","32.1","33.2","33.2","NA","NA","0.36","4.23","0.02","0.02"
"2022/03/04","4","27.6","33.3","40.3","31.6","94.2","32.1","33.2","33.2","NA","NA","0.01","10.31","0.03","0.03"
"2022/03/05","5","26.4","33.7","47.2","25.9","78.2","32.1","33.2","33.2","NA","NA","0.00","14.28","0.06","0.09"
"2022/03/06","6","24.5","33.7","46.9","20.1","61.8","32.2","33.2","33.3","NA","NA","0.00","15.39","0.07","0.10"
"2022/03/07","7","24.5","35.4","51.7","25.6","69.6","32.8","33.3","33.3","NA","NA","0.00","12.58","0.06","0.08"
"2022/03/08","8","27.7","36.1","43.9","22.6","60.8","34.6","33.3","33.5","NA","NA","0.00","15.15","0.06","0.09"
"2022/03/09","9","15.7","25.5","33.7","12.3","63.5","34.2","33.6","33.9","NA","NA","0.08","11.79","0.04","0.06"
"2022/03/10","10","12.9","26.0","40.9","12.5","62.4","33.3","33.6","33.8","NA","NA","0.00","14.16","0.05","0.07"
"2022/03/11","11","20.3","31.0","41.8","22.0","72.3","33.2","33.6","33.6","NA","NA","0.00","7.47","0.04","0.05"
"2022/03/12","12","30.6","36.0","46.0","29.8","79.3","35.0","33.6","34.0","NA","NA","0.00","8.89","0.05","0.07"
"2022/03/13","13","32.4","36.8","43.1","33.6","88.2","35.6","34.6","35.1","NA","NA","0.00","2.68","0.02","0.03"
"2022/03/14","14","39.4","43.0","48.4","36.8","79.4","39.1","35.9","36.8","NA","NA","0.28","7.26","0.05","0.07"
"2022/03/15","15","31.1","43.5","55.8","36.2","79.0","42.4","38.4","39.4","NA","NA","0.03","11.85","0.07","0.09"
"2022/03/16","16","27.6","38.9","54.4","29.1","71.8","41.8","38.4","39.9","NA","NA","0.00","16.41","0.08","0.10"
"2022/03/17","17","26.2","40.0","53.0","29.5","69.1","40.5","38.3","39.6","NA","NA","0.00","11.51","0.06","0.09"
"2022/03/18","18","33.2","42.0","52.2","33.9","73.8","41.7","39.3","40.3","NA","NA","0.00","8.11","0.06","0.08"
"2022/03/19","19","31.2","38.9","50.8","35.1","86.7","41.0","39.6","40.6","NA","NA","0.03","7.26","0.05","0.06"
"2022/03/20","20","27.5","36.5","49.7","25.2","70.5","41.7","39.1","40.5","NA","NA","0.00","15.57","0.07","0.10"
"2022/03/21","21","33.3","38.7","43.9","34.6","85.1","40.7","39.8","40.6","NA","NA","0.07","5.50","0.03","0.04"
"2022/03/22","22","38.1","43.5","49.6","39.4","86.0","43.1","40.7","41.6","NA","NA","0.01","6.05","0.04","0.05"
"2022/03/23","23","41.1","46.9","57.4","42.6","85.5","45.7","42.5","43.3","NA","NA","0.05","7.39","0.06","0.08"
"2022/03/24","24","32.5","44.4","54.5","26.8","53.3","45.8","42.5","43.8","NA","NA","0.00","15.66","0.10","0.14"
"2022/03/25","25","31.1","43.7","60.0","27.6","56.7","45.0","41.7","43.2","NA","NA","0.00","13.39","0.10","0.13"
"2022/03/26","26","31.8","44.7","61.9","33.8","69.2","45.7","42.3","43.8","NA","NA","0.00","13.73","0.09","0.11"
"2022/03/27","27","36.7","50.0","70.5","37.8","67.3","48.5","43.5","45.0","NA","NA","0.00","16.76","0.12","0.17"
"2022/03/28","28","32.7","50.0","65.2","38.1","67.5","49.7","44.4","46.1","NA","NA","0.00","16.69","0.10","0.13"
"2022/03/29","29","39.5","51.2","64.4","32.8","51.5","50.5","45.4","46.9","NA","NA","0.00","19.15","0.14","0.19"
"2022/03/30","30","32.8","42.5","57.2","34.7","75.2","46.3","45.1","46.3","NA","NA","0.00","9.73","0.08","0.11"
"2022/03/31","31","27.6","39.1","52.3","27.7","68.0","44.7","43.4","44.6","NA","NA","0.00","13.05","0.07","0.09"
"2022/04/01","1","24.4","40.0","54.8","27.4","65.1","43.7","42.2","43.6","NA","NA","0.00","15.83","0.09","0.11"
"2022/04/02","2","31.9","41.7","53.4","35.5","79.8","45.3","43.5","44.5","NA","NA","0.15","13.13","0.07","0.09"
"2022/04/03","3","28.6","41.6","55.5","29.8","66.7","43.5","42.9","44.2","NA","NA","0.00","11.95","0.08","0.11"
"2022/04/04","4","38.5","45.5","54.5","30.7","59.5","45.9","44.0","44.9","NA","NA","0.31","15.43","0.12","0.17"
"2022/04/05","5","27.7","39.7","53.0","24.9","58.5","44.1","42.6","44.0","NA","NA","0.00","16.45","0.10","0.13"
"2022/04/06","6","23.6","38.4","54.1","24.5","62.4","44.4","42.0","43.6","NA","NA","0.00","21.63","0.10","0.13"
"2022/04/07","7","27.7","43.9","64.9","28.0","60.3","45.7","42.4","44.1","NA","NA","0.00","18.64","0.12","0.16"
"2022/04/08","8","33.8","46.6","62.1","26.4","53.2","46.1","43.9","45.2","NA","NA","0.00","16.28","0.14","0.20"
"2022/04/09","9","27.6","40.1","49.9","24.7","57.9","45.6","44.1","45.2","NA","NA","0.00","16.93","0.09","0.13"
"2022/04/10","10","22.7","33.4","44.7","24.2","73.3","43.1","42.6","43.8","NA","NA","0.00","15.64","0.07","0.08"
"2022/04/11","11","28.5","37.4","44.7","18.3","52.3","42.0","42.0","42.9","NA","NA","0.00","12.03","0.09","0.13"
"2022/04/12","12","26.0","35.4","41.7","14.4","42.9","41.5","41.5","42.6","NA","NA","0.00","13.09","0.08","0.11"
"2022/04/13","13","23.4","33.3","45.3","9.4","40.3","41.6","40.7","42.2","NA","NA","0.00","23.58","0.11","0.15"
"2022/04/14","14","27.4","35.6","42.0","14.5","43.4","41.1","41.1","42.2","NA","NA","0.00","12.37","0.08","0.11"
"2022/04/15","15","25.4","35.7","47.5","22.0","62.6","43.1","41.3","42.6","NA","NA","0.00","18.08","0.08","0.11"
"2022/04/16","16","21.7","35.9","50.1","22.9","64.9","41.4","40.9","42.3","NA","NA","0.00","14.40","0.09","0.13"
"2022/04/17","17","28.3","38.4","49.3","28.4","69.2","42.5","42.0","42.9","NA","NA","0.00","14.99","0.08","0.11"
"2022/04/18","18","27.8","41.0","53.3","28.1","63.1","42.6","41.8","42.9","NA","NA","0.03","11.40","0.09","0.12"
"2022/04/19","19","33.3","43.3","52.8","30.2","63.5","46.8","43.0","44.3","NA","NA","0.08","19.97","0.11","0.14"
"2022/04/20","20","26.4","41.5","53.8","28.5","66.2","45.5","43.1","44.7","NA","NA","0.04","16.23","0.09","0.11"
"2022/04/21","21","35.0","43.5","54.0","39.1","85.6","46.3","45.1","45.8","NA","NA","0.31","8.39","0.06","0.07"
"2022/04/22","22","28.7","41.2","57.5","34.5","80.6","46.5","44.0","45.5","NA","NA","0.09","17.69","0.10","0.12"
"2022/04/23","23","28.5","44.1","62.2","33.9","71.6","48.2","43.9","45.7","NA","NA","0.02","19.47","0.11","0.14"
"2022/04/24","24","29.1","47.2","64.0","33.6","64.8","49.2","44.8","46.8","NA","NA","0.00","22.91","0.13","0.17"
"2022/04/25","25","34.0","49.0","64.1","37.1","67.2","48.8","46.4","47.8","NA","NA","0.00","14.16","0.10","0.13"
"2022/04/26","26","31.8","48.4","56.3","35.3","63.7","49.4","48.2","48.8","NA","NA","0.00","12.70","0.09","0.12"
"2022/04/27","27","25.2","40.5","56.8","27.1","65.3","47.8","45.7","47.5","NA","NA","0.00","21.16","0.11","0.14"
"2022/04/28","28","26.4","41.7","55.2","30.5","67.6","47.3","45.9","47.3","NA","NA","0.00","15.89","0.09","0.11"
"2022/04/29","29","29.1","43.2","54.4","34.8","74.3","47.5","45.8","47.1","NA","NA","0.00","15.23","0.08","0.10"
"2022/04/30","30","32.6","43.3","50.9","38.9","84.7","47.1","46.0","46.9","NA","NA","0.04","8.94","0.05","0.06"
"2022/05/01","1","43.0","52.0","63.3","40.6","68.5","52.6","46.9","48.3","NA","NA","0.00","19.58","0.13","0.16"
"2022/05/02","2","37.7","50.8","66.5","41.2","73.1","52.0","48.4","49.7","NA","NA","0.00","15.86","0.12","0.15"
"2022/05/03","3","44.6","55.0","68.5","43.6","68.3","55.7","49.8","51.3","NA","NA","0.00","22.51","0.15","0.19"
"2022/05/04","4","45.8","57.0","69.2","43.5","62.7","55.1","51.4","52.6","NA","NA","0.00","16.02","0.14","0.18"
"2022/05/05","5","47.0","52.1","58.6","47.4","83.8","53.2","52.1","52.7","NA","NA","0.13","6.62","0.06","0.07"
"2022/05/06","6","37.4","48.8","58.6","41.8","78.1","51.3","50.7","51.6","NA","NA","0.00","11.92","0.08","0.10"
"2022/05/07","7","41.2","46.0","53.3","41.1","83.5","50.4","50.8","51.3","NA","NA","0.12","9.34","0.07","0.08"
"2022/05/08","8","33.7","41.0","50.8","34.0","77.2","48.9","49.4","50.3","NA","NA","0.17","14.51","0.08","0.10"
"2022/05/09","9","32.3","40.5","51.2","35.5","83.5","48.1","48.1","49.3","NA","NA","0.02","14.19","0.07","0.09"
"2022/05/10","10","29.2","44.3","60.7","32.3","69.1","50.4","47.4","49.0","NA","NA","0.00","21.61","0.13","0.16"
"2022/05/11","11","28.3","45.7","62.0","31.3","63.0","50.6","48.1","49.7","NA","NA","0.00","20.00","0.12","0.15"
"2022/05/12","12","28.4","42.7","55.3","34.5","75.3","47.8","47.8","49.0","NA","NA","0.23","11.90","0.08","0.10"
"2022/05/13","13","33.8","45.0","56.7","31.7","64.8","49.1","47.6","48.9","NA","NA","0.28","20.56","0.12","0.15"
"2022/05/14","14","32.9","44.0","53.0","37.8","79.2","48.8","48.0","48.9","NA","NA","0.02","9.80","0.06","0.07"
"2022/05/15","15","43.4","51.5","59.8","46.4","83.2","52.1","49.0","49.8","NA","NA","0.01","11.27","0.08","0.10"
"2022/05/16","16","42.7","54.8","68.5","43.7","70.7","54.4","50.2","51.2","NA","NA","0.00","16.20","0.12","0.16"
"2022/05/17","17","33.7","48.2","63.1","34.0","61.8","52.5","50.4","51.6","NA","NA","0.00","19.48","0.13","0.16"
"2022/05/18","18","38.9","50.6","65.4","34.6","59.2","51.2","50.2","51.2","NA","NA","0.01","15.35","0.14","0.20"
"2022/05/19","19","37.3","48.1","57.2","30.4","52.1","50.6","49.6","50.6","NA","NA","0.00","15.14","0.12","0.15"
"2022/05/20","20","36.3","46.1","57.4","39.9","80.3","50.4","49.4","50.2","NA","NA","0.12","13.08","0.09","0.11"
"2022/05/21","21","38.1","50.1","62.6","40.9","73.3","53.4","49.7","50.7","NA","NA","0.02","17.52","0.12","0.15"
"2022/05/22","22","32.0","50.4","66.9","36.7","65.4","54.2","49.6","51.2","NA","NA","0.00","22.21","0.14","0.17"
"2022/05/23","23","38.3","50.5","62.7","42.8","76.4","53.7","50.6","51.9","NA","NA","0.35","15.78","0.10","0.12"
"2022/05/24","24","39.8","51.9","63.9","44.4","78.5","56.2","51.5","52.8","NA","NA","0.00","19.02","0.12","0.13"
"2022/05/25","25","48.0","55.0","67.1","47.1","76.6","56.4","53.4","54.1","NA","NA","0.02","14.91","0.11","0.13"
"2022/05/26","26","45.7","59.4","72.7","49.3","71.7","59.1","53.4","54.7","NA","NA","0.00","17.57","0.13","0.15"
"2022/05/27","27","45.8","56.5","63.6","49.5","78.4","58.0","55.5","55.9","NA","NA","0.14","9.67","0.08","0.09"
"2022/05/28","28","39.3","52.3","62.8","42.3","71.4","57.0","53.8","55.0","NA","NA","0.00","16.93","0.11","0.13"
"2022/05/29","29","45.2","55.1","66.8","46.0","74.0","58.1","54.2","55.2","NA","NA","0.01","16.86","0.12","0.14"
"2022/05/30","30","48.2","55.1","67.6","50.6","86.0","59.1","54.9","55.9","NA","NA","0.06","16.38","0.11","0.12"
"2022/05/31","31","42.2","57.0","72.1","42.8","66.2","59.2","54.9","56.2","NA","NA","0.00","24.17","0.16","0.19"
"2022/06/01","1","40.2","59.5","75.5","44.1","61.1","60.6","54.7","56.4","NA","NA","0.00","25.01","0.18","0.22"
"2022/06/02","2","54.4","64.4","76.7","50.6","63.3","63.2","57.0","58.1","NA","NA","0.00","21.72","0.18","0.23"
"2022/06/03","3","55.5","60.3","69.0","56.5","88.0","62.6","58.3","59.0","NA","NA","0.60","13.61","0.10","0.12"
"2022/06/04","4","53.0","56.2","59.8","53.4","90.3","60.7","58.2","58.8","NA","NA","0.25","10.91","0.07","0.08"
"2022/06/05","5","46.7","54.3","67.0","51.8","91.8","59.6","57.1","58.0","NA","NA","0.53","14.04","0.10","0.11"
"2022/06/06","6","45.6","57.1","69.5","47.2","73.1","60.9","56.8","58.0","NA","NA","0.00","24.78","0.16","0.18"
"2022/06/07","7","40.4","58.7","74.4","47.0","69.3","61.9","56.7","58.2","NA","NA","0.00","27.49","0.17","0.19"
"2022/06/08","8","47.0","61.5","73.6","50.4","70.4","62.5","58.4","59.2","NA","NA","0.01","16.79","0.13","0.15"
"2022/06/09","9","43.8","54.2","65.1","49.0","83.5","58.9","57.6","58.4","NA","NA","0.16","9.88","0.08","0.09"
"2022/06/10","10","51.5","59.9","70.3","54.4","83.7","61.6","57.3","58.2","NA","NA","0.16","14.79","0.11","0.13"
"2022/06/11","11","51.8","63.1","74.8","51.7","69.8","63.5","58.7","59.5","NA","NA","0.00","22.01","0.16","0.19"
"2022/06/12","12","51.9","61.0","68.3","49.0","67.5","62.8","59.0","60.0","NA","NA","0.00","21.96","0.15","0.17"
"2022/06/13","13","48.7","50.7","55.9","49.0","93.8","58.8","57.7","58.8","NA","NA","1.09","7.10","0.05","0.06"
"2022/06/14","14","44.4","50.1","56.1","45.5","84.3","56.9","56.2","56.7","NA","NA","0.05","8.85","0.06","0.07"
"2022/06/15","15","38.7","55.2","69.1","46.1","74.5","58.4","54.9","56.2","NA","NA","0.00","24.84","0.15","0.17"
"2022/06/16","16","47.6","61.0","73.4","51.7","73.9","61.6","56.6","57.7","NA","NA","0.00","20.00","0.15","0.17"
"2022/06/17","17","54.3","62.1","71.5","52.2","70.9","61.1","58.3","59.0","NA","NA","0.01","14.53","0.13","0.17"
"2022/06/18","18","52.6","57.1","64.6","53.2","87.6","60.3","58.4","58.9","NA","NA","0.47","10.20","0.08","0.09"
"2022/06/19","19","48.2","56.8","64.8","51.0","82.4","60.1","57.5","58.2","NA","NA","0.03","16.49","0.11","0.11"
"2022/06/20","20","45.8","58.3","71.8","52.9","84.0","62.1","57.3","58.6","NA","NA","0.02","24.40","0.15","0.16"
"2022/06/21","21","47.1","62.6","79.1","51.2","70.8","62.7","58.3","59.5","NA","NA","0.00","24.97","0.18","0.21"
"2022/06/22","22","48.6","65.8","81.7","50.6","62.2","64.5","59.2","60.6","NA","NA","0.00","26.20","0.21","0.26"
"2022/06/23","23","41.9","59.6","72.8","39.0","52.5","63.1","59.5","60.8","NA","NA","0.00","30.83","0.20","0.25"
"2022/06/24","24","41.0","58.6","73.2","42.6","57.8","62.1","58.8","60.1","NA","NA","0.00","28.24","0.19","0.23"
"2022/06/25","25","41.9","62.4","81.3","46.5","62.5","63.9","58.7","60.2","NA","NA","0.00","30.42","0.20","0.23"
"2022/06/26","26","45.2","65.1","87.1","47.6","60.1","65.2","59.4","60.9","NA","NA","0.00","30.28","0.23","0.27"
"2022/06/27","27","46.0","68.4","93.3","50.3","59.8","66.6","60.0","61.6","NA","NA","0.00","29.93","0.24","0.28"
"2022/06/28","28","51.0","68.2","87.2","47.3","55.5","66.7","61.2","62.5","NA","NA","0.00","27.68","0.25","0.33"
"2022/06/29","29","46.4","61.6","76.1","47.0","61.6","65.1","60.9","62.0","NA","NA","0.00","22.15","0.17","0.22"
"2022/06/30","30","46.9","65.0","82.2","50.3","65.3","66.5","60.6","61.9","NA","NA","0.00","28.13","0.20","0.24"
"2022/07/01","1","47.6","66.9","86.0","50.4","61.9","67.6","61.1","62.5","NA","NA","0.00","28.47","0.21","0.25"
"2022/07/02","2","49.0","67.9","88.9","50.7","58.7","67.9","61.5","62.9","NA","NA","0.00","28.03","0.22","0.26"
"2022/07/03","3","56.8","65.3","76.6","56.3","74.7","66.8","62.7","63.3","NA","NA","0.51","16.40","0.14","0.16"
"2022/07/04","4","51.7","58.8","65.7","55.2","88.6","63.6","62.0","62.3","NA","NA","0.35","13.92","0.09","0.10"
"2022/07/05","5","50.7","62.7","78.0","53.5","75.9","65.0","60.5","61.7","NA","NA","0.00","28.57","0.20","0.23"
"2022/07/06","6","56.6","64.2","76.5","57.9","81.2","65.6","61.9","62.7","NA","NA","0.15","19.80","0.15","0.18"
"2022/07/07","7","55.1","63.4","75.6","58.4","85.0","65.2","62.0","62.7","NA","NA","0.07","16.59","0.13","0.15"
"2022/07/08","8","48.3","65.0","80.6","54.2","72.4","65.9","61.3","62.6","NA","NA","0.00","22.39","0.17","0.20"
"2022/07/09","9","46.9","65.3","83.7","51.4","66.2","65.9","61.4","62.7","NA","NA","0.00","26.01","0.20","0.24"
"2022/07/10","10","48.9","65.4","81.6","50.5","63.6","66.3","61.6","62.9","NA","NA","0.00","28.99","0.21","0.25"
"2022/07/11","11","46.4","67.5","86.5","52.5","64.4","67.1","61.6","63.0","NA","NA","0.00","29.28","0.21","0.25"
"2022/07/12","12","50.3","71.1","90.9","55.8","65.1","69.7","62.2","63.7","NA","NA","0.00","26.95","0.23","0.28"
"2022/07/13","13","54.0","70.4","86.2","55.6","63.9","70.0","64.0","64.9","NA","NA","0.00","21.21","0.18","0.22"
"2022/07/14","14","45.0","66.5","85.6","51.1","63.6","69.0","62.7","64.1","NA","NA","0.00","28.84","0.21","0.26"
"2022/07/15","15","46.3","67.5","90.2","49.5","60.1","69.1","62.5","63.8","NA","NA","0.00","27.89","0.24","0.30"
"2022/07/16","16","48.1","69.0","88.0","49.7","55.5","69.4","62.5","63.8","NA","NA","0.00","28.52","0.24","0.31"
"2022/07/17","17","51.6","67.3","81.8","50.4","59.2","69.4","63.2","64.3","NA","NA","0.00","28.23","0.22","0.28"
"2022/07/18","18","49.3","63.7","80.5","47.8","58.1","68.4","62.9","64.0","NA","NA","0.00","27.32","0.22","0.29"
"2022/07/19","19","48.3","67.8","87.2","50.2","59.0","70.1","62.7","63.9","NA","NA","0.00","28.07","0.23","0.28"
"2022/07/20","20","47.6","69.8","92.3","49.8","56.6","71.2","63.2","64.5","NA","NA","0.00","28.85","0.23","0.29"
"2022/07/21","21","45.4","69.2","93.3","49.2","56.7","70.4","63.3","64.7","NA","NA","0.00","26.07","0.23","0.29"
"2022/07/22","22","49.0","68.5","89.6","48.5","54.9","70.8","63.8","65.0","NA","NA","0.00","26.41","0.22","0.28"
"2022/07/23","23","47.8","69.0","88.5","49.8","56.1","71.1","63.7","65.0","NA","NA","0.00","25.41","0.21","0.26"
"2022/07/24","24","50.1","71.9","93.3","50.2","54.7","72.4","63.9","65.2","NA","NA","0.00","27.23","0.25","0.32"
"2022/07/25","25","54.1","73.9","93.9","52.2","53.1","73.4","64.6","65.9","NA","NA","0.00","25.83","0.23","0.29"
"2022/07/26","26","56.6","75.4","95.7","55.6","56.1","74.3","65.2","66.5","NA","NA","0.00","27.32","0.24","0.30"
"2022/07/27","27","55.2","77.0","100.0","55.7","55.8","75.2","65.9","67.2","NA","NA","0.00","26.76","0.24","0.30"
"2022/07/28","28","56.9","78.0","102.6","57.6","56.2","75.8","66.4","67.7","NA","NA","0.00","26.33","0.24","0.30"
"2022/07/29","29","59.1","78.5","102.1","53.0","50.9","76.5","67.2","68.4","NA","NA","0.00","26.68","0.24","0.30"
"2022/07/30","30","54.2","75.3","99.9","51.2","49.4","75.2","66.7","68.1","NA","NA","0.00","26.69","0.23","0.29"
"2022/07/31","31","47.8","73.7","102.3","45.1","45.5","74.4","66.2","67.7","NA","NA","0.00","27.54","0.26","0.34"
"2022/08/01","1","47.2","72.8","100.1","44.0","42.4","72.7","65.6","66.9","NA","NA","0.00","22.58","0.24","0.33"
"2022/08/02","2","47.5","71.6","92.8","43.7","43.6","73.4","65.5","66.8","NA","NA","0.00","26.88","0.24","0.31"
"2022/08/03","3","47.2","69.4","92.4","39.1","40.3","71.6","65.0","66.3","NA","NA","0.00","26.59","0.26","0.35"
"2022/08/04","4","48.7","67.1","83.5","41.2","43.6","70.4","64.4","65.7","NA","NA","0.00","23.01","0.22","0.30"
"2022/08/05","5","48.8","64.7","79.8","42.0","46.7","70.5","64.2","65.3","NA","NA","0.00","23.80","0.19","0.25"
"2022/08/06","6","44.7","65.9","87.0","43.1","50.7","70.2","63.1","64.5","NA","NA","0.00","25.97","0.21","0.27"
"2022/08/07","7","43.6","68.3","91.8","45.2","50.6","71.1","63.1","64.5","NA","NA","0.00","25.85","0.21","0.26"
"2022/08/08","8","45.5","70.8","97.7","45.7","49.5","71.9","63.5","64.9","NA","NA","0.00","25.59","0.21","0.27"
"2022/08/09","9","50.0","71.5","89.2","48.5","47.9","69.9","63.9","65.0","NA","NA","0.00","14.74","0.17","0.23"
"2022/08/10","10","65.7","78.0","92.7","57.8","52.4","74.1","65.2","66.0","NA","NA","0.00","18.11","0.19","0.24"
"2022/08/11","11","61.9","78.3","96.0","60.5","59.3","76.3","66.6","67.6","NA","NA","0.00","23.34","0.21","0.26"
"2022/08/12","12","59.8","73.1","91.8","57.2","61.7","72.3","66.9","67.7","NA","NA","0.00","15.08","0.16","0.20"
"2022/08/13","13","50.8","68.3","86.9","47.7","54.6","71.1","65.6","66.7","NA","NA","0.00","22.42","0.20","0.27"
"2022/08/14","14","42.7","65.8","89.0","43.2","51.3","70.5","64.2","65.6","NA","NA","0.00","24.75","0.20","0.25"
"2022/08/15","15","44.4","68.0","91.6","43.7","48.8","70.8","63.7","65.1","NA","NA","0.00","23.91","0.20","0.25"
"2022/08/16","16","45.5","69.3","94.9","46.1","50.6","70.8","63.7","65.1","NA","NA","0.00","21.29","0.19","0.24"
"2022/08/17","17","51.4","74.4","99.2","46.5","44.7","72.1","64.0","65.4","NA","NA","0.00","24.06","0.23","0.31"
"2022/08/18","18","54.9","77.7","102.5","47.5","41.0","73.3","64.8","66.2","NA","NA","0.00","23.29","0.25","0.35"
"2022/08/19","19","61.4","79.8","97.8","51.2","40.5","73.1","66.0","67.0","NA","NA","0.00","15.03","0.21","0.30"
"2022/08/20","20","64.4","75.4","88.3","58.1","56.9","72.9","67.3","67.7","NA","NA","0.01","12.35","0.15","0.19"
"2022/08/21","21","55.9","74.0","95.8","52.2","54.1","73.3","66.2","67.3","NA","NA","0.00","22.55","0.22","0.29"
"2022/08/22","22","47.7","65.5","89.8","47.5","56.9","68.5","65.2","66.4","NA","NA","0.00","14.36","0.14","0.19"
"2022/08/23","23","54.5","69.4","93.6","51.9","59.2","70.6","64.6","65.7","NA","NA","0.24","19.54","0.20","0.26"
"2022/08/24","24","55.7","68.8","90.8","55.0","65.2","68.4","64.8","65.8","NA","NA","0.45","14.36","0.17","0.24"
"2022/08/25","25","58.3","69.2","89.5","57.9","72.4","70.8","65.4","66.4","NA","NA","0.08","18.27","0.18","0.23"
"2022/08/26","26","54.3","68.1","89.9","57.0","73.5","71.2","65.7","66.9","NA","NA","0.00","20.83","0.17","0.21"
"2022/08/27","27","51.3","64.0","74.5","46.6","56.9","67.2","65.6","66.4","NA","NA","0.00","12.13","0.12","0.16"
"2022/08/28","28","41.3","60.4","80.3","43.0","57.9","64.9","62.0","63.5","NA","NA","0.00","21.84","0.15","0.19"
"2022/08/29","29","43.2","63.2","86.2","45.5","59.2","65.8","61.2","62.7","NA","NA","0.00","21.88","0.16","0.19"
"2022/08/30","30","46.5","68.0","93.1","48.4","57.0","67.4","61.6","63.1","NA","NA","0.00","21.31","0.18","0.23"
"2022/08/31","31","50.0","70.1","96.7","49.5","54.5","66.8","62.2","63.5","NA","NA","0.00","15.42","0.19","0.26"
"2022/09/01","1","49.6","68.9","94.5","49.9","57.9","68.2","62.5","63.9","NA","NA","0.00","20.15","0.18","0.23"
"2022/09/02","2","46.6","68.8","96.7","46.5","52.7","68.0","62.4","63.9","NA","NA","0.00","20.34","0.18","0.24"
"2022/09/03","3","52.4","64.6","80.2","49.3","59.8","65.2","62.8","63.6","NA","NA","0.00","7.99","0.10","0.14"
"2022/09/04","4","48.7","65.4","84.8","49.0","61.4","67.2","61.5","62.7","NA","NA","0.00","20.12","0.16","0.21"
"2022/09/05","5","46.1","63.7","83.9","43.7","54.2","67.1","61.6","62.8","NA","NA","0.00","20.69","0.16","0.21"
"2022/09/06","6","40.3","61.9","88.7","37.9","49.0","65.6","60.6","62.0","NA","NA","0.00","20.68","0.16","0.22"
"2022/09/07","7","39.1","61.1","89.7","39.4","51.6","64.2","60.1","61.4","NA","NA","0.00","15.75","0.15","0.21"
"2022/09/08","8","37.0","61.4","77.3","32.8","38.5","64.1","59.6","60.9","NA","NA","0.00","19.73","0.16","0.23"
"2022/09/09","9","41.5","59.2","77.9","37.6","48.1","63.2","59.2","60.4","NA","NA","0.00","17.44","0.14","0.20"
"2022/09/10","10","38.9","57.4","84.2","36.1","52.9","62.5","58.4","59.7","NA","NA","0.00","18.69","0.16","0.22"
"2022/09/11","11","36.8","56.1","76.7","40.1","58.7","60.5","57.9","59.0","NA","NA","0.00","10.75","0.10","0.13"
"2022/09/12","12","48.4","62.2","78.2","45.5","56.5","61.8","58.6","59.2","NA","NA","0.00","7.45","0.11","0.16"
"2022/09/13","13","44.7","61.1","81.1","49.2","68.7","63.7","58.4","59.5","NA","NA","0.00","14.05","0.11","0.15"
"2022/09/14","14","49.5","58.8","64.2","52.8","80.8","62.1","59.8","60.2","NA","NA","0.21","6.96","0.06","0.07"
"2022/09/15","15","47.7","57.8","72.3","51.8","82.3","62.4","59.2","59.9","NA","NA","0.00","13.32","0.09","0.11"
"2022/09/16","16","43.4","56.3","70.7","47.1","74.9","60.3","58.6","59.5","NA","NA","0.00","11.18","0.09","0.11"
"2022/09/17","17","36.3","53.1","69.3","39.7","65.9","58.6","56.9","58.1","NA","NA","0.00","15.33","0.09","0.12"
"2022/09/18","18","47.5","58.3","73.1","41.7","56.6","59.8","56.9","57.6","NA","NA","0.00","13.78","0.14","0.20"
"2022/09/19","19","40.1","59.4","78.1","39.4","53.8","61.9","56.9","57.9","NA","NA","0.00","17.47","0.13","0.19"
"2022/09/20","20","41.5","56.4","75.5","35.2","48.7","60.8","56.9","57.9","NA","NA","0.00","18.16","0.16","0.23"
"2022/09/21","21","37.0","56.0","79.6","35.0","51.8","59.4","55.7","57.0","NA","NA","0.00","17.04","0.16","0.23"
"2022/09/22","22","44.0","56.0","70.5","42.2","61.4","58.9","56.7","57.3","NA","NA","0.00","8.84","0.09","0.13"
"2022/09/23","23","39.3","54.3","70.2","41.2","63.9","58.9","55.7","56.7","NA","NA","0.00","14.31","0.10","0.13"
"2022/09/24","24","35.8","54.6","77.0","40.8","65.5","59.9","55.4","56.6","NA","NA","0.00","16.61","0.10","0.12"
"2022/09/25","25","40.3","58.2","83.2","42.4","61.7","60.9","55.5","56.7","NA","NA","0.00","16.39","0.12","0.16"
"2022/09/26","26","39.8","59.7","85.4","43.6","61.4","61.6","55.9","57.0","NA","NA","0.00","16.53","0.12","0.17"
"2022/09/27","27","40.3","60.6","88.8","42.2","57.6","61.3","56.1","57.2","NA","NA","0.00","14.58","0.14","0.20"
"2022/09/28","28","38.2","60.1","81.7","42.5","56.9","61.1","56.2","57.3","NA","NA","0.00","13.61","0.11","0.16"
"2022/09/29","29","53.7","57.6","60.7","51.4","79.9","60.9","58.0","59.6","NA","-93.0","0.00","3.60","0.04","0.05"
"2022/09/30","30","46.3","58.1","71.5","50.3","77.6","61.7","60.1","61.0","NA","-222.7","0.00","12.18","0.07","0.09"
"2022/10/01","1","44.2","59.3","82.0","46.6","68.7","61.6","59.5","61.0","NA","-461.9","0.00","15.06","0.12","0.17"
"2022/10/02","2","38.5","57.0","79.2","45.3","69.5","61.4","59.4","60.9","NA","-768.5","0.00","14.89","0.10","0.14"
"2022/10/03","3","38.2","56.3","80.8","44.1","69.0","60.9","59.0","60.7","NA","-1139.6","0.00","14.41","0.10","0.13"
"2022/10/04","4","37.2","55.6","82.0","42.0","65.9","60.5","58.6","60.3","NA","-1553.8","0.00","14.60","0.10","0.14"
"2022/10/05","5","35.2","55.3","81.1","40.6","63.7","60.0","58.3","59.9","NA","Too Dry/NA","0.00","13.82","0.10","0.14"
"2022/10/06","6","38.1","57.8","82.2","42.1","61.5","60.0","58.3","59.7","NA","Too Dry/NA","0.00","13.61","0.11","0.17"
"2022/10/07","7","41.5","57.3","80.0","42.6","62.4","59.9","58.3","59.6","NA","Too Dry/NA","0.00","12.19","0.11","0.16"
"2022/10/08","8","39.9","54.9","80.0","40.1","62.4","59.3","57.6","59.2","NA","Too Dry/NA","0.00","13.47","0.10","0.14"
"2022/10/09","9","33.9","52.1","78.0","39.0","67.1","58.4","57.0","58.6","NA","Too Dry/NA","0.00","13.69","0.08","0.12"
"2022/10/10","10","32.4","51.8","73.8","39.6","67.9","57.0","56.3","57.8","NA","Too Dry/NA","0.00","10.70","0.09","0.13"
"2022/10/11","11","41.1","56.9","73.0","31.1","42.9","57.5","56.3","57.5","NA","Too Dry/NA","0.00","13.37","0.11","0.17"
"2022/10/12","12","31.3","50.2","76.2","34.7","62.0","56.7","55.4","57.0","NA","Too Dry/NA","0.00","13.02","0.09","0.14"
"2022/10/13","13","29.3","47.8","74.4","34.2","64.2","55.8","54.7","56.3","NA","Too Dry/NA","0.00","13.46","0.08","0.11"
"2022/10/14","14","31.1","48.8","73.3","36.8","68.0","55.3","54.3","55.8","NA","Too Dry/NA","0.00","12.08","0.07","0.10"
"2022/10/15","15","34.6","50.9","75.8","37.5","65.3","55.5","54.3","55.7","NA","Too Dry/NA","0.00","12.67","0.10","0.15"
"2022/10/16","16","32.8","48.6","75.8","34.8","63.8","54.6","53.6","55.1","NA","Too Dry/NA","0.00","12.70","0.09","0.15"
"2022/10/17","17","32.7","46.7","75.0","33.4","63.0","53.7","52.9","54.4","NA","Too Dry/NA","0.00","12.54","0.09","0.13"
"2022/10/18","18","28.9","46.1","73.0","33.7","66.0","53.0","52.3","53.8","NA","Too Dry/NA","0.00","12.06","0.07","0.11"
"2022/10/19","19","27.7","45.0","70.1","34.7","71.4","52.4","51.8","53.3","NA","Too Dry/NA","0.00","11.00","0.06","0.09"
"2022/10/20","20","30.9","42.5","59.4","37.2","82.9","51.2","51.6","52.6","NA","Too Dry/NA","0.00","6.36","0.04","0.05"
"2022/10/21","21","37.0","41.8","46.9","40.2","94.0","50.6","51.6","51.9","NA","Too Dry/NA","0.25","1.38","0.01","0.01"
"2022/10/22","22","37.1","41.9","50.5","36.1","81.6","50.0","50.4","51.0","NA","Too Dry/NA","0.00","6.63","0.04","0.05"
"2022/10/23","23","35.7","42.8","53.5","35.4","76.6","50.0","50.0","50.8","NA","Too Dry/NA","0.03","8.67","0.04","0.05"
"2022/10/24","24","33.2","39.9","43.4","35.0","82.9","47.9","49.3","49.8","NA","Too Dry/NA","0.02","1.28","0.01","0.02"
"2022/10/25","25","28.7","37.2","48.5","33.2","87.2","46.2","47.5","48.2","NA","Too Dry/NA","0.00","6.79","0.03","0.04"
"2022/10/26","26","31.3","41.2","49.8","38.0","89.3","47.9","48.0","48.7","NA","Too Dry/NA","0.09","6.59","0.02","0.03"
"2022/10/27","27","31.8","42.6","53.8","33.2","70.7","46.4","47.3","48.1","NA","Too Dry/NA","0.00","5.54","0.05","0.08"
"2022/10/28","28","34.0","44.5","55.7","34.3","68.8","47.1","47.5","48.2","NA","Too Dry/NA","0.00","4.69","0.05","0.07"
"2022/10/29","29","29.6","39.3","58.2","33.2","80.8","46.3","46.6","47.7","NA","Too Dry/NA","0.00","9.23","0.04","0.06"
"2022/10/30","30","37.6","49.2","57.1","38.7","68.4","47.8","47.5","48.3","NA","Too Dry/NA","0.00","6.69","0.05","0.08"
"2022/10/31","31","46.8","51.3","57.7","42.1","71.8","50.1","49.5","50.0","NA","Too Dry/NA","0.01","3.70","0.05","0.07"
"2022/11/01","1","37.0","42.6","47.9","38.2","85.1","49.1","49.5","49.8","NA","-1680.3","0.11","2.65","0.02","0.03"
"2022/11/02","2","28.8","36.5","42.1","34.1","91.5","46.6","47.7","48.3","NA","-1628.6","0.00","4.77","0.02","0.02"
"2022/11/03","3","29.8","34.6","37.9","31.0","87.2","44.6","46.4","46.7","NA","-1579.9","0.01","3.04","0.02","0.02"
"2022/11/04","4","32.2","34.2","51.8","33.2","96.1","42.1","43.9","45.1","NA","-1556.4","0.45","0.80","0.03","0.05"
"2022/11/05","5","22.4","38.8","51.8","25.4","62.6","42.4","43.3","44.0","NA","-1389.2","0.04","7.23","0.05","0.09"
"2022/11/06","6","21.3","29.4","35.6","24.8","85.3","39.3","41.2","41.9","NA","-750.9","0.01","3.32","0.02","0.02"
"2022/11/07","7","25.9","28.8","33.2","26.5","93.3","39.1","41.2","41.2","NA","-375.2","0.01","1.09","0.01","0.01"
"2022/11/08","8","23.6","28.1","33.6","21.4","78.2","39.2","41.0","41.1","NA","-307.2","0.21","9.67","0.02","0.04"
"2022/11/09","9","10.1","24.3","35.1","16.4","76.3","39.0","40.6","40.8","NA","-227.2","0.07","8.88","0.03","0.04"
"2022/11/10","10","5.7","15.6","27.4","10.5","86.7","38.6","40.1","40.3","NA","-174.5","0.02","5.21","0.01","0.02"
"2022/11/11","11","19.4","24.9","30.6","18.3","79.5","38.5","39.9","39.9","NA","-160.1","0.00","4.76","0.02","0.03"
"2022/11/12","12","13.8","24.0","34.0","17.3","79.9","38.5","39.9","39.9","NA","-159.2","0.02","8.07","0.02","0.03"
"2022/11/13","13","9.1","18.0","31.5","13.0","86.7","37.9","39.2","39.5","NA","-160.0","0.00","6.23","0.01","0.02"
"2022/11/14","14","14.3","22.7","33.0","17.7","85.8","37.5","39.0","39.1","NA","-160.0","0.00","4.32","0.02","0.03"
"2022/11/15","15","8.3","20.8","30.0","15.8","86.2","37.1","38.5","38.7","NA","-162.7","0.00","4.30","0.01","0.02"
"2022/11/16","16","28.2","30.2","32.3","24.6","80.7","37.2","38.5","38.6","NA","-171.6","0.00","2.52","0.02","0.03"
"2022/11/17","17","7.6","25.3","38.2","15.3","71.1","37.4","38.7","38.8","NA","-176.2","0.00","7.88","0.03","0.05"
"2022/11/18","18","3.0","12.2","27.8","5.3","80.8","36.7","37.9","38.3","NA","-177.3","0.00","7.54","0.01","0.02"
"2022/11/19","19","2.3","12.0","26.1","4.8","80.9","35.9","37.2","37.5","NA","-179.4","0.00","7.12","0.01","0.02"
"2022/11/20","20","5.7","13.1","23.8","6.8","82.8","35.4","36.7","36.8","NA","-184.4","0.00","4.88","0.01","0.02"
"2022/11/21","21","17.2","25.2","34.2","18.3","78.5","35.1","36.5","36.5","NA","-193.3","0.00","4.89","0.01","0.02"
"2022/11/22","22","25.1","29.0","31.7","25.9","90.1","35.2","36.5","36.5","NA","-205.0","0.00","1.25","0.01","0.01"
"2022/11/23","23","23.8","29.8","31.9","27.7","93.5","35.5","36.5","36.5","NA","-215.0","0.00","0.70","0.00","0.00"
"2022/11/24","24","28.6","31.2","33.8","29.2","93.2","35.7","36.7","36.8","NA","-219.9","0.00","2.76","0.01","0.01"
"2022/11/25","25","24.1","28.2","31.8","26.0","93.8","36.2","36.9","37.1","NA","-219.5","0.01","2.14","0.01","0.01"
"2022/11/26","26","26.9","29.4","33.2","26.3","89.8","36.8","37.2","37.5","NA","-214.2","0.00","2.39","0.02","0.02"
"2022/11/27","27","13.9","30.3","38.3","22.5","75.1","37.0","37.6","37.6","NA","-208.4","0.40","6.50","0.01","0.02"
"2022/11/28","28","11.4","21.1","27.3","13.4","77.8","36.8","37.6","37.6","NA","-196.7","0.00","3.41","0.02","0.03"
"2022/11/29","29","16.4","19.4","22.1","13.3","82.7","36.9","37.6","37.6","NA","-179.7","0.00","2.61","0.01","0.02"
"2022/11/30","30","19.7","23.2","26.4","19.8","91.1","37.0","37.6","37.6","NA","-167.1","0.00","0.85","0.01","0.01"
"2022/12/01","1","7.0","22.7","30.6","17.9","86.6","37.0","37.6","37.6","NA","-156.7","0.00","1.02","0.01","0.01"
"2022/12/02","2","-0.3","12.2","18.8","5.9","83.9","37.0","37.6","37.6","NA","-149.9","0.00","1.14","0.01","0.01"
"2022/12/03","3","7.5","15.0","24.3","9.2","85.1","37.0","37.6","37.6","NA","-137.5","0.01","2.66","0.02","0.02"
"2022/12/04","4","10.2","15.2","23.9","9.2","83.1","37.0","37.6","37.6","NA","-123.1","0.00","3.18","0.02","0.03"
"2022/12/05","5","14.2","18.2","21.9","12.1","83.0","36.9","37.4","37.4","NA","-110.0","0.00","2.92","0.01","0.02"
"2022/12/06","6","20.5","23.5","26.0","18.1","84.2","36.9","37.4","37.4","NA","-99.3","0.00","2.03","0.01","0.02"
"2022/12/07","7","22.5","24.7","26.1","19.7","85.3","36.8","37.2","37.3","NA","-88.8","0.00","2.57","0.01","0.02"
"2022/12/08","8","24.3","28.3","31.6","25.7","92.2","36.7","37.2","37.2","NA","-78.4","0.00","2.15","0.01","0.01"
"2022/12/09","9","23.7","28.0","31.3","25.0","91.0","36.5","37.0","37.1","NA","-70.4","0.00","0.93","0.01","0.01"
"2022/12/10","10","24.9","29.5","33.3","28.0","95.8","36.3","36.9","37.0","NA","-61.8","0.00","0.41","0.00","0.00"
"2022/12/11","11","27.2","33.1","38.2","31.1","92.4","36.0","36.7","36.8","NA","-50.3","0.41","6.06","0.00","0.01"
"2022/12/12","12","16.3","27.8","39.4","23.2","86.1","36.0","36.7","36.7","NA","-35.0","0.07","5.85","0.02","0.03"
"2022/12/13","13","11.5","21.3","25.9","18.3","93.6","36.0","36.7","36.7","NA","-25.6","0.00","2.64","0.00","0.01"
"2022/12/14","14","9.4","22.1","30.9","18.7","91.6","36.0","36.5","36.6","NA","-22.3","0.02","3.75","0.01","0.01"
"2022/12/15","15","5.0","12.8","18.5","7.9","89.1","36.0","36.5","36.5","NA","-21.0","0.00","4.60","0.00","0.01"
"2022/12/16","16","12.9","17.9","21.8","13.4","88.8","36.0","36.5","36.5","NA","-20.8","0.00","2.30","0.01","0.01"
"2022/12/17","17","20.1","21.3","22.7","18.0","92.3","36.0","36.5","36.5","NA","-20.9","0.00","1.56","0.01","0.01"
"2022/12/18","18","16.6","21.8","24.4","16.4","84.7","35.9","36.5","36.5","NA","-20.6","0.00","1.87","0.01","0.02"
"2022/12/19","19","6.2","10.7","16.0","-1.9","62.9","35.8","36.5","36.5","NA","-20.2","0.00","4.32","0.02","0.04"
"2022/12/20","20","-3.5","7.9","12.8","0.8","81.4","35.8","36.5","36.5","NA","-20.7","0.00","1.64","0.01","0.01"
"2022/12/21","21","-9.8","0.5","5.9","-11.5","65.6","35.8","36.3","36.5","NA","-21.5","0.00","5.82","0.01","0.02"
"2022/12/22","22","-20.7","-9.4","0.5","-19.8","71.9","35.8","36.3","36.3","NA","-22.3","0.00","5.07","0.01","0.01"
"2022/12/23","23","0.6","5.7","10.1","-2.3","78.7","35.8","36.1","36.2","NA","-23.3","0.00","1.67","0.01","0.02"
"2022/12/24","24","10.1","14.6","19.2","9.1","86.2","35.8","36.1","36.1","NA","-24.3","0.00","0.75","0.01","0.02"
"2022/12/25","25","18.8","24.3","29.1","20.7","90.5","35.8","36.1","36.1","NA","-25.3","0.00","1.87","0.01","0.02"
"2022/12/26","26","29.1","33.6","37.5","32.5","96.3","35.7","36.1","36.1","NA","-25.5","1.15","1.73","0.01","0.01"
"2022/12/27","27","33.2","37.0","42.7","35.5","94.3","34.6","35.4","35.7","NA","-12.8","0.98","2.71","0.01","0.02"
"2022/12/28","28","28.6","34.2","36.8","31.4","90.0","34.7","35.4","35.4","NA","-0.6","0.03","2.01","0.01","0.01"
"2022/12/29","29","26.3","29.3","33.6","26.6","91.4","35.0","35.4","35.5","NA","-0.3","0.00","2.54","0.01","0.02"
"2022/12/30","30","29.4","32.5","35.7","31.0","95.0","35.2","35.6","35.6","NA","-0.3","0.18","1.92","0.01","0.01"
"2022/12/31","31","32.5","34.3","37.4","32.5","93.4","35.2","35.6","35.6","NA","-0.3","0.00","2.42","0.01","0.01"